ShiftID,LineID,Date,ShiftName,TotalLaborHours,IdleHours
1,3,2020-01-01,Night,8.65,0.63
2,4,2020-01-02,Morning,7.74,1.91
3,1,2020-01-03,Afternoon,11.42,0.75
4,4,2020-01-04,Morning,11.52,0.44
5,1,2020-01-05,Afternoon,11.0,0.52
6,4,2020-01-06,Morning,8.4,0.8
7,2,2020-01-07,Morning,5.64,1.35
8,4,2020-01-08,Night,6.99,1.91
9,1,2020-01-09,Afternoon,5.31,1.74
10,2,2020-01-10,Night,9.83,0.06
11,4,2020-01-11,Morning,6.49,2.0
12,2,2020-01-12,Night,7.08,1.84
13,4,2020-01-13,Afternoon,5.54,0.88
14,4,2020-01-14,Afternoon,8.73,0.26
15,2,2020-01-15,Night,10.14,0.19
16,2,2020-01-16,Morning,5.93,0.5
17,2,2020-01-17,Night,5.37,1.87
18,3,2020-01-18,Night,9.75,1.45
19,4,2020-01-19,Morning,6.74,1.81
20,1,2020-01-20,Night,4.32,0.97
21,2,2020-01-21,Afternoon,5.7,1.21
22,4,2020-01-22,Morning,4.6,1.27
23,1,2020-01-23,Afternoon,5.94,1.09
24,5,2020-01-24,Morning,6.88,0.7
25,4,2020-01-25,Morning,6.79,0.91
26,1,2020-01-26,Morning,5.11,1.74
27,4,2020-01-27,Afternoon,9.77,1.57
28,3,2020-01-28,Night,6.36,0.7
29,1,2020-01-29,Afternoon,5.21,1.54
30,2,2020-01-30,Morning,11.05,1.5
31,4,2020-01-31,Afternoon,11.67,0.0
32,1,2020-02-01,Night,9.58,0.91
33,1,2020-02-02,Morning,10.03,0.5
34,2,2020-02-03,Afternoon,9.37,0.6
35,2,2020-02-04,Morning,4.44,0.29
36,2,2020-02-05,Morning,9.36,0.54
37,3,2020-02-06,Morning,7.23,0.77
38,5,2020-02-07,Morning,10.33,0.46
39,3,2020-02-08,Morning,9.73,0.14
40,4,2020-02-09,Afternoon,7.32,1.58
41,5,2020-02-10,Afternoon,5.22,0.22
42,5,2020-02-11,Night,9.77,0.36
43,3,2020-02-12,Morning,7.62,1.3
44,2,2020-02-13,Night,5.89,0.32
45,2,2020-02-14,Night,8.26,1.02
46,1,2020-02-15,Morning,8.51,1.04
47,3,2020-02-16,Night,7.51,0.17
48,4,2020-02-17,Morning,10.21,1.11
49,3,2020-02-18,Night,10.92,1.88
50,4,2020-02-19,Night,9.2,1.93
51,5,2020-02-20,Afternoon,5.43,1.87
52,1,2020-02-21,Afternoon,7.48,1.18
53,1,2020-02-22,Night,8.12,1.96
54,3,2020-02-23,Afternoon,4.02,0.63
55,4,2020-02-24,Morning,6.22,1.31
56,5,2020-02-25,Morning,8.5,1.46
57,3,2020-02-26,Night,5.37,1.64
58,4,2020-02-27,Afternoon,8.23,1.07
59,3,2020-02-28,Morning,9.89,0.32
60,3,2020-02-29,Night,6.88,1.26
61,1,2020-03-01,Night,9.62,1.4
62,1,2020-03-02,Morning,11.24,0.26
63,1,2020-03-03,Morning,6.02,0.43
64,5,2020-03-04,Morning,8.77,1.79
65,2,2020-03-05,Afternoon,8.46,0.73
66,3,2020-03-06,Morning,6.63,0.89
67,4,2020-03-07,Afternoon,5.69,1.52
68,1,2020-03-08,Afternoon,6.11,1.36
69,5,2020-03-09,Morning,9.43,1.37
70,1,2020-03-10,Morning,5.31,0.22
71,2,2020-03-11,Afternoon,11.32,1.61
72,3,2020-03-12,Morning,4.24,1.06
73,3,2020-03-13,Afternoon,10.74,0.99
74,4,2020-03-14,Morning,7.61,0.2
75,1,2020-03-15,Night,7.54,0.21
76,5,2020-03-16,Morning,10.82,1.78
77,2,2020-03-17,Afternoon,6.76,1.97
78,4,2020-03-18,Morning,4.34,1.35
79,5,2020-03-19,Morning,6.63,1.19
80,1,2020-03-20,Morning,8.75,1.9
81,5,2020-03-21,Afternoon,9.68,1.19
82,3,2020-03-22,Night,10.85,1.51
83,5,2020-03-23,Afternoon,8.56,1.51
84,1,2020-03-24,Night,5.87,1.09
85,3,2020-03-25,Afternoon,6.46,0.33
86,1,2020-03-26,Afternoon,8.24,1.3
87,3,2020-03-27,Morning,8.49,0.27
88,1,2020-03-28,Afternoon,8.41,0.95
89,4,2020-03-29,Night,4.61,1.4
90,2,2020-03-30,Afternoon,5.25,1.09
91,4,2020-03-31,Afternoon,11.06,1.31
92,1,2020-04-01,Afternoon,11.33,1.45
93,4,2020-04-02,Morning,5.99,0.5
94,5,2020-04-03,Night,9.44,1.67
95,2,2020-04-04,Morning,4.94,0.53
96,1,2020-04-05,Afternoon,6.91,1.13
97,4,2020-04-06,Night,8.97,0.09
98,1,2020-04-07,Afternoon,4.95,0.46
99,4,2020-04-08,Morning,5.41,0.06
100,4,2020-04-09,Night,4.65,1.0
101,5,2020-04-10,Afternoon,11.52,1.26
102,5,2020-04-11,Morning,10.4,1.84
103,2,2020-04-12,Afternoon,6.87,1.09
104,1,2020-04-13,Night,8.28,0.59
105,4,2020-04-14,Afternoon,4.35,1.15
106,4,2020-04-15,Afternoon,7.13,1.1
107,4,2020-04-16,Morning,10.49,0.69
108,1,2020-04-17,Afternoon,9.98,0.06
109,5,2020-04-18,Night,4.18,1.04
110,5,2020-04-19,Morning,11.78,1.91
111,1,2020-04-20,Night,4.3,0.22
112,4,2020-04-21,Night,10.68,0.29
113,5,2020-04-22,Morning,8.63,0.8
114,4,2020-04-23,Night,11.87,0.76
115,5,2020-04-24,Morning,11.53,1.61
116,4,2020-04-25,Afternoon,8.29,1.36
117,5,2020-04-26,Afternoon,5.32,0.01
118,2,2020-04-27,Night,7.05,0.12
119,2,2020-04-28,Afternoon,6.51,1.13
120,3,2020-04-29,Morning,5.96,0.98
121,2,2020-04-30,Morning,11.42,0.66
122,1,2020-05-01,Morning,7.83,1.5
123,5,2020-05-02,Afternoon,9.5,1.52
124,2,2020-05-03,Afternoon,9.73,0.38
125,2,2020-05-04,Night,4.98,0.54
126,4,2020-05-05,Morning,5.79,1.14
127,4,2020-05-06,Afternoon,11.92,0.89
128,3,2020-05-07,Afternoon,6.56,1.78
129,5,2020-05-08,Afternoon,10.59,0.18
130,1,2020-05-09,Night,5.79,0.93
131,2,2020-05-10,Night,11.32,1.62
132,5,2020-05-11,Afternoon,4.47,0.8
133,3,2020-05-12,Morning,8.92,1.82
134,5,2020-05-13,Night,8.73,0.83
135,3,2020-05-14,Night,11.82,0.11
136,5,2020-05-15,Afternoon,11.19,1.08
137,3,2020-05-16,Afternoon,5.63,0.11
138,5,2020-05-17,Night,5.98,1.37
139,2,2020-05-18,Night,4.89,0.11
140,3,2020-05-19,Afternoon,5.83,0.69
141,2,2020-05-20,Morning,11.03,1.8
142,1,2020-05-21,Morning,9.78,0.73
143,5,2020-05-22,Night,9.49,0.46
144,3,2020-05-23,Morning,10.43,0.28
145,1,2020-05-24,Morning,11.87,0.39
146,2,2020-05-25,Afternoon,4.52,1.37
147,5,2020-05-26,Morning,8.78,0.68
148,1,2020-05-27,Night,9.26,1.82
149,2,2020-05-28,Afternoon,8.33,0.99
150,2,2020-05-29,Morning,9.94,1.28
151,1,2020-05-30,Afternoon,10.33,1.71
152,5,2020-05-31,Night,6.66,1.03
153,1,2020-06-01,Morning,8.73,2.0
154,4,2020-06-02,Morning,5.75,1.88
155,2,2020-06-03,Morning,9.94,0.89
156,4,2020-06-04,Morning,6.24,0.04
157,4,2020-06-05,Morning,10.61,1.59
158,2,2020-06-06,Morning,7.63,0.47
159,4,2020-06-07,Morning,9.69,0.49
160,5,2020-06-08,Afternoon,10.44,1.67
161,1,2020-06-09,Night,5.91,1.96
162,3,2020-06-10,Morning,10.32,0.45
163,5,2020-06-11,Night,10.44,1.05
164,1,2020-06-12,Afternoon,5.36,0.9
165,1,2020-06-13,Night,7.55,0.75
166,4,2020-06-14,Night,6.23,1.33
167,3,2020-06-15,Night,10.81,0.91
168,5,2020-06-16,Night,4.39,1.39
169,2,2020-06-17,Afternoon,6.47,0.81
170,1,2020-06-18,Night,5.51,0.07
171,3,2020-06-19,Night,4.74,1.17
172,2,2020-06-20,Night,5.51,1.36
173,1,2020-06-21,Afternoon,5.16,1.58
174,3,2020-06-22,Morning,6.89,1.04
175,4,2020-06-23,Night,7.42,1.93
176,4,2020-06-24,Afternoon,5.72,1.54
177,2,2020-06-25,Night,11.62,0.18
178,2,2020-06-26,Night,6.4,0.08
179,3,2020-06-27,Morning,10.4,1.74
180,2,2020-06-28,Afternoon,11.47,0.93
181,4,2020-06-29,Afternoon,11.14,1.77
182,1,2020-06-30,Night,7.01,1.53
183,2,2020-07-01,Night,5.41,0.17
184,4,2020-07-02,Afternoon,11.93,1.61
185,4,2020-07-03,Morning,9.86,0.01
186,3,2020-07-04,Afternoon,11.57,0.55
187,4,2020-07-05,Afternoon,5.15,0.84
188,5,2020-07-06,Morning,10.94,0.47
189,1,2020-07-07,Afternoon,6.93,1.7
190,4,2020-07-08,Afternoon,11.56,0.59
191,2,2020-07-09,Afternoon,4.06,0.66
192,3,2020-07-10,Night,11.26,1.77
193,4,2020-07-11,Morning,4.25,1.67
194,5,2020-07-12,Morning,5.8,1.22
195,2,2020-07-13,Morning,11.77,1.22
196,4,2020-07-14,Afternoon,5.38,1.69
197,4,2020-07-15,Afternoon,4.75,1.32
198,1,2020-07-16,Afternoon,7.48,0.16
199,4,2020-07-17,Afternoon,7.04,0.24
200,2,2020-07-18,Morning,10.24,0.65
201,3,2020-07-19,Morning,9.43,0.6
202,3,2020-07-20,Morning,9.1,1.66
203,4,2020-07-21,Night,4.96,1.05
204,3,2020-07-22,Night,9.17,1.49
205,5,2020-07-23,Morning,8.83,1.52
206,3,2020-07-24,Morning,11.69,1.58
207,1,2020-07-25,Night,10.64,1.36
208,3,2020-07-26,Afternoon,6.27,1.08
209,5,2020-07-27,Night,6.12,0.23
210,5,2020-07-28,Morning,9.49,1.55
211,4,2020-07-29,Afternoon,4.69,0.43
212,1,2020-07-30,Afternoon,4.89,0.08
213,4,2020-07-31,Morning,7.69,0.43
214,1,2020-08-01,Night,5.46,0.36
215,4,2020-08-02,Afternoon,9.92,0.9
216,4,2020-08-03,Night,8.33,1.31
217,3,2020-08-04,Morning,7.15,1.1
218,1,2020-08-05,Afternoon,4.07,1.88
219,5,2020-08-06,Morning,8.63,1.07
220,4,2020-08-07,Morning,11.57,0.99
221,5,2020-08-08,Afternoon,11.24,1.07
222,5,2020-08-09,Night,10.65,1.56
223,5,2020-08-10,Night,9.86,1.35
224,5,2020-08-11,Morning,7.06,1.26
225,5,2020-08-12,Morning,10.68,0.47
226,2,2020-08-13,Night,6.26,1.2
227,3,2020-08-14,Morning,7.37,0.11
228,2,2020-08-15,Night,5.96,0.78
229,3,2020-08-16,Night,9.76,0.1
230,4,2020-08-17,Afternoon,4.08,0.7
231,2,2020-08-18,Afternoon,11.39,0.16
232,2,2020-08-19,Night,11.41,1.62
233,3,2020-08-20,Morning,5.51,1.57
234,2,2020-08-21,Night,6.97,0.23
235,5,2020-08-22,Night,5.14,1.48
236,1,2020-08-23,Morning,10.49,1.83
237,5,2020-08-24,Afternoon,8.93,1.61
238,4,2020-08-25,Afternoon,8.35,0.87
239,3,2020-08-26,Night,11.98,2.0
240,2,2020-08-27,Night,4.97,1.61
241,3,2020-08-28,Afternoon,10.69,0.71
242,2,2020-08-29,Night,5.51,0.22
243,5,2020-08-30,Morning,7.19,1.03
244,5,2020-08-31,Night,9.75,1.32
245,2,2020-09-01,Night,5.4,1.81
246,3,2020-09-02,Night,10.4,0.53
247,2,2020-09-03,Morning,7.93,1.44
248,4,2020-09-04,Night,5.47,0.96
249,3,2020-09-05,Afternoon,9.49,1.27
250,3,2020-09-06,Morning,8.27,1.68
251,2,2020-09-07,Morning,9.99,0.05
252,3,2020-09-08,Morning,8.23,0.88
253,5,2020-09-09,Night,5.77,0.39
254,2,2020-09-10,Afternoon,7.07,0.53
255,5,2020-09-11,Afternoon,6.62,1.04
256,4,2020-09-12,Morning,8.18,0.09
257,4,2020-09-13,Night,9.2,0.73
258,3,2020-09-14,Morning,9.09,0.44
259,3,2020-09-15,Afternoon,8.74,0.41
260,4,2020-09-16,Morning,4.48,1.76
261,1,2020-09-17,Afternoon,9.39,1.82
262,4,2020-09-18,Night,8.78,0.54
263,3,2020-09-19,Afternoon,4.55,1.48
264,5,2020-09-20,Night,10.79,0.22
265,1,2020-09-21,Night,7.32,1.12
266,5,2020-09-22,Morning,5.61,0.85
267,4,2020-09-23,Night,6.39,0.15
268,5,2020-09-24,Morning,5.4,0.81
269,2,2020-09-25,Afternoon,6.93,0.01
270,1,2020-09-26,Morning,4.21,0.92
271,3,2020-09-27,Night,10.94,0.06
272,1,2020-09-28,Afternoon,8.05,1.88
273,5,2020-09-29,Afternoon,4.63,1.18
274,4,2020-09-30,Afternoon,11.96,1.86
275,3,2020-10-01,Night,6.94,0.03
276,1,2020-10-02,Night,8.47,1.21
277,4,2020-10-03,Afternoon,9.59,1.39
278,1,2020-10-04,Afternoon,11.0,0.97
279,5,2020-10-05,Morning,4.14,1.83
280,5,2020-10-06,Morning,8.58,0.96
281,5,2020-10-07,Night,5.95,1.46
282,4,2020-10-08,Morning,7.49,1.74
283,2,2020-10-09,Morning,7.44,1.12
284,3,2020-10-10,Night,4.29,0.25
285,4,2020-10-11,Night,5.44,0.27
286,4,2020-10-12,Morning,9.39,1.29
287,1,2020-10-13,Morning,5.77,0.17
288,2,2020-10-14,Night,6.61,2.0
289,4,2020-10-15,Morning,7.06,0.91
290,1,2020-10-16,Night,8.26,1.08
291,4,2020-10-17,Morning,11.54,0.14
292,2,2020-10-18,Night,4.09,1.9
293,3,2020-10-19,Morning,8.45,0.46
294,1,2020-10-20,Morning,6.94,1.71
295,3,2020-10-21,Night,4.08,1.4
296,4,2020-10-22,Afternoon,4.73,1.56
297,1,2020-10-23,Morning,6.14,0.53
298,1,2020-10-24,Night,4.54,0.59
299,4,2020-10-25,Morning,7.71,1.38
300,2,2020-10-26,Morning,10.32,1.22
301,4,2020-10-27,Morning,7.42,0.33
302,2,2020-10-28,Afternoon,6.8,0.29
303,4,2020-10-29,Morning,10.02,0.02
304,1,2020-10-30,Afternoon,10.46,1.0
305,3,2020-10-31,Morning,6.86,1.91
306,2,2020-11-01,Night,4.93,0.53
307,3,2020-11-02,Afternoon,9.4,1.73
308,5,2020-11-03,Night,9.29,1.72
309,2,2020-11-04,Morning,8.05,1.88
310,3,2020-11-05,Afternoon,5.26,0.14
311,5,2020-11-06,Morning,5.59,1.26
312,4,2020-11-07,Afternoon,4.63,1.14
313,3,2020-11-08,Night,4.73,1.23
314,5,2020-11-09,Afternoon,11.16,1.37
315,4,2020-11-10,Afternoon,10.09,0.32
316,1,2020-11-11,Night,10.22,1.11
317,3,2020-11-12,Afternoon,4.12,1.92
318,1,2020-11-13,Afternoon,9.87,1.3
319,5,2020-11-14,Morning,11.88,0.9
320,3,2020-11-15,Morning,6.25,0.88
321,3,2020-11-16,Morning,5.24,1.11
322,4,2020-11-17,Morning,7.41,1.04
323,2,2020-11-18,Afternoon,7.81,0.84
324,1,2020-11-19,Afternoon,9.18,0.38
325,4,2020-11-20,Afternoon,10.44,0.88
326,1,2020-11-21,Morning,9.25,1.01
327,1,2020-11-22,Afternoon,5.95,0.85
328,4,2020-11-23,Morning,11.21,0.67
329,3,2020-11-24,Night,8.97,1.79
330,5,2020-11-25,Morning,10.85,0.61
331,5,2020-11-26,Afternoon,6.85,1.13
332,1,2020-11-27,Afternoon,5.61,1.89
333,1,2020-11-28,Morning,7.15,1.49
334,5,2020-11-29,Night,7.47,1.28
335,4,2020-11-30,Afternoon,11.29,1.01
336,4,2020-12-01,Night,9.62,0.78
337,4,2020-12-02,Night,8.17,0.29
338,2,2020-12-03,Afternoon,9.06,1.29
339,2,2020-12-04,Afternoon,5.96,1.66
340,2,2020-12-05,Night,8.85,1.47
341,5,2020-12-06,Afternoon,8.75,0.27
342,3,2020-12-07,Afternoon,6.34,0.41
343,5,2020-12-08,Night,8.27,1.7
344,1,2020-12-09,Morning,4.59,1.77
345,2,2020-12-10,Night,7.71,0.26
346,1,2020-12-11,Night,5.14,0.85
347,5,2020-12-12,Night,7.76,0.09
348,5,2020-12-13,Morning,9.71,0.49
349,5,2020-12-14,Afternoon,4.2,0.79
350,3,2020-12-15,Afternoon,8.12,1.87
351,2,2020-12-16,Morning,6.53,0.29
352,2,2020-12-17,Afternoon,5.8,0.94
353,2,2020-12-18,Morning,6.95,0.44
354,2,2020-12-19,Night,11.62,0.04
355,5,2020-12-20,Night,8.72,1.29
356,4,2020-12-21,Morning,8.13,0.95
357,5,2020-12-22,Night,5.27,0.73
358,2,2020-12-23,Morning,10.26,1.97
359,4,2020-12-24,Afternoon,6.23,1.99
360,3,2020-12-25,Afternoon,9.86,1.66
361,5,2020-12-26,Afternoon,5.8,0.82
362,5,2020-12-27,Afternoon,10.17,0.41
363,1,2020-12-28,Morning,11.89,1.37
364,1,2020-12-29,Morning,7.05,0.6
365,2,2020-12-30,Morning,4.83,0.96
366,4,2020-12-31,Morning,5.31,0.38
367,5,2021-01-01,Morning,7.25,0.51
368,4,2021-01-02,Morning,7.73,1.58
369,3,2021-01-03,Morning,11.59,0.19
370,2,2021-01-04,Morning,9.37,1.66
371,3,2021-01-05,Morning,4.3,0.29
372,1,2021-01-06,Morning,8.23,1.56
373,4,2021-01-07,Afternoon,5.12,0.11
374,3,2021-01-08,Night,6.8,0.1
375,2,2021-01-09,Afternoon,6.24,1.1
376,4,2021-01-10,Night,8.02,1.13
377,2,2021-01-11,Afternoon,4.01,1.42
378,1,2021-01-12,Afternoon,9.73,0.58
379,3,2021-01-13,Afternoon,8.75,0.84
380,2,2021-01-14,Morning,9.63,1.04
381,2,2021-01-15,Afternoon,7.59,1.25
382,3,2021-01-16,Afternoon,4.29,0.85
383,3,2021-01-17,Night,6.14,1.81
384,1,2021-01-18,Morning,8.01,1.01
385,4,2021-01-19,Night,9.1,0.56
386,1,2021-01-20,Morning,7.17,1.97
387,3,2021-01-21,Morning,11.78,1.6
388,3,2021-01-22,Afternoon,7.73,0.43
389,4,2021-01-23,Morning,5.46,1.28
390,5,2021-01-24,Afternoon,11.29,0.64
391,1,2021-01-25,Night,10.44,1.94
392,2,2021-01-26,Afternoon,4.12,1.68
393,1,2021-01-27,Morning,10.85,0.34
394,2,2021-01-28,Night,5.84,1.96
395,1,2021-01-29,Morning,4.74,0.84
396,3,2021-01-30,Morning,9.15,1.48
397,1,2021-01-31,Afternoon,7.72,0.8
398,4,2021-02-01,Night,4.71,1.25
399,3,2021-02-02,Night,11.14,1.34
400,4,2021-02-03,Afternoon,4.97,0.12
401,2,2021-02-04,Morning,10.76,1.75
402,1,2021-02-05,Night,7.49,0.48
403,4,2021-02-06,Afternoon,5.51,0.91
404,2,2021-02-07,Morning,8.65,1.11
405,2,2021-02-08,Afternoon,8.74,1.01
406,1,2021-02-09,Afternoon,10.32,1.26
407,5,2021-02-10,Morning,5.42,0.91
408,3,2021-02-11,Night,8.37,1.9
409,4,2021-02-12,Morning,8.6,0.46
410,2,2021-02-13,Morning,6.27,1.12
411,1,2021-02-14,Morning,10.78,1.41
412,1,2021-02-15,Morning,7.86,0.21
413,5,2021-02-16,Afternoon,5.17,1.49
414,3,2021-02-17,Night,10.7,0.1
415,5,2021-02-18,Night,11.77,0.89
416,2,2021-02-19,Morning,10.06,1.52
417,3,2021-02-20,Night,8.2,1.91
418,1,2021-02-21,Night,10.55,0.47
419,2,2021-02-22,Afternoon,4.4,1.04
420,1,2021-02-23,Night,11.09,1.59
421,3,2021-02-24,Morning,10.1,0.72
422,5,2021-02-25,Afternoon,7.9,1.49
423,1,2021-02-26,Night,10.15,1.96
424,4,2021-02-27,Night,11.85,0.38
425,4,2021-02-28,Night,6.08,0.29
426,5,2021-03-01,Night,11.07,1.05
427,5,2021-03-02,Night,6.99,1.38
428,2,2021-03-03,Afternoon,9.0,1.22
429,2,2021-03-04,Morning,4.49,0.05
430,4,2021-03-05,Afternoon,6.77,1.18
431,4,2021-03-06,Night,5.46,0.82
432,5,2021-03-07,Night,8.73,1.32
433,5,2021-03-08,Morning,11.31,0.12
434,5,2021-03-09,Afternoon,7.46,0.1
435,5,2021-03-10,Morning,8.65,0.93
436,4,2021-03-11,Afternoon,7.89,0.83
437,3,2021-03-12,Afternoon,10.35,1.32
438,3,2021-03-13,Afternoon,6.66,1.49
439,4,2021-03-14,Night,5.85,1.99
440,5,2021-03-15,Night,10.69,1.54
441,5,2021-03-16,Afternoon,9.96,0.48
442,4,2021-03-17,Night,11.65,1.76
443,4,2021-03-18,Morning,4.43,1.9
444,1,2021-03-19,Afternoon,4.07,0.57
445,5,2021-03-20,Afternoon,9.31,1.72
446,1,2021-03-21,Morning,4.97,1.6
447,2,2021-03-22,Morning,11.16,1.18
448,4,2021-03-23,Afternoon,10.78,0.88
449,4,2021-03-24,Morning,6.25,0.48
450,2,2021-03-25,Morning,11.34,1.48
451,3,2021-03-26,Morning,6.46,1.05
452,2,2021-03-27,Afternoon,10.41,0.08
453,3,2021-03-28,Morning,5.06,1.3
454,2,2021-03-29,Morning,9.79,0.96
455,3,2021-03-30,Morning,9.42,1.01
456,1,2021-03-31,Afternoon,5.66,0.46
457,3,2021-04-01,Night,9.61,1.67
458,4,2021-04-02,Afternoon,4.81,1.35
459,3,2021-04-03,Morning,7.32,0.63
460,5,2021-04-04,Morning,11.05,1.08
461,2,2021-04-05,Morning,7.03,0.63
462,4,2021-04-06,Afternoon,6.17,1.1
463,5,2021-04-07,Afternoon,7.9,0.11
464,3,2021-04-08,Morning,11.29,1.75
465,4,2021-04-09,Night,8.74,0.4
466,5,2021-04-10,Morning,10.66,0.39
467,1,2021-04-11,Morning,6.42,0.25
468,3,2021-04-12,Night,10.44,1.59
469,2,2021-04-13,Afternoon,11.37,1.05
470,5,2021-04-14,Afternoon,4.65,0.93
471,1,2021-04-15,Night,11.27,0.36
472,4,2021-04-16,Morning,8.71,1.79
473,2,2021-04-17,Afternoon,8.47,0.91
474,4,2021-04-18,Night,11.45,1.46
475,2,2021-04-19,Night,5.54,0.6
476,4,2021-04-20,Night,7.79,1.27
477,1,2021-04-21,Night,8.33,1.53
478,3,2021-04-22,Morning,5.93,0.82
479,3,2021-04-23,Morning,11.89,1.75
480,2,2021-04-24,Afternoon,5.2,0.49
481,1,2021-04-25,Night,9.05,0.84
482,4,2021-04-26,Afternoon,4.09,0.08
483,1,2021-04-27,Morning,8.81,1.58
484,3,2021-04-28,Afternoon,11.68,1.69
485,1,2021-04-29,Morning,5.95,0.96
486,5,2021-04-30,Afternoon,4.26,0.1
487,1,2021-05-01,Afternoon,10.62,0.67
488,4,2021-05-02,Morning,9.13,1.55
489,1,2021-05-03,Morning,9.77,0.5
490,1,2021-05-04,Morning,10.1,0.79
491,2,2021-05-05,Morning,4.19,1.58
492,1,2021-05-06,Night,6.63,1.29
493,3,2021-05-07,Night,9.47,1.8
494,5,2021-05-08,Morning,11.15,0.77
495,2,2021-05-09,Night,6.01,1.98
496,1,2021-05-10,Afternoon,11.9,1.02
497,3,2021-05-11,Night,7.97,1.13
498,3,2021-05-12,Night,9.88,0.92
499,4,2021-05-13,Afternoon,10.05,1.0
500,4,2021-05-14,Morning,7.03,0.6
501,1,2021-05-15,Morning,9.9,1.44
502,3,2021-05-16,Night,10.26,1.15
503,3,2021-05-17,Night,9.73,1.17
504,5,2021-05-18,Night,10.97,0.03
505,2,2021-05-19,Afternoon,8.9,1.68
506,3,2021-05-20,Afternoon,10.73,0.38
507,3,2021-05-21,Night,7.81,0.24
508,1,2021-05-22,Morning,5.8,0.58
509,2,2021-05-23,Night,5.76,1.56
510,3,2021-05-24,Morning,10.89,0.19
511,2,2021-05-25,Morning,4.55,0.13
512,4,2021-05-26,Morning,8.04,0.06
513,4,2021-05-27,Night,5.05,1.24
514,4,2021-05-28,Afternoon,8.03,1.71
515,2,2021-05-29,Morning,7.6,1.54
516,4,2021-05-30,Night,5.75,0.66
517,4,2021-05-31,Night,9.32,1.65
518,4,2021-06-01,Night,9.01,0.49
519,3,2021-06-02,Night,4.79,1.77
520,2,2021-06-03,Morning,10.71,1.97
521,1,2021-06-04,Morning,6.13,1.67
522,2,2021-06-05,Afternoon,9.58,1.53
523,3,2021-06-06,Night,11.32,1.25
524,4,2021-06-07,Night,5.79,1.11
525,3,2021-06-08,Morning,10.8,1.06
526,5,2021-06-09,Morning,5.77,0.13
527,4,2021-06-10,Morning,10.71,1.27
528,1,2021-06-11,Afternoon,7.77,1.27
529,3,2021-06-12,Afternoon,9.86,0.14
530,1,2021-06-13,Night,4.01,1.3
531,4,2021-06-14,Night,7.07,0.77
532,3,2021-06-15,Night,6.75,0.49
533,3,2021-06-16,Night,8.58,0.45
534,2,2021-06-17,Afternoon,7.52,0.9
535,1,2021-06-18,Night,10.54,0.54
536,4,2021-06-19,Afternoon,5.47,0.18
537,3,2021-06-20,Night,4.4,1.06
538,5,2021-06-21,Afternoon,9.47,0.0
539,4,2021-06-22,Afternoon,7.34,1.06
540,5,2021-06-23,Afternoon,5.96,1.2
541,2,2021-06-24,Afternoon,7.7,0.63
542,5,2021-06-25,Afternoon,7.37,1.34
543,1,2021-06-26,Afternoon,11.69,0.53
544,5,2021-06-27,Afternoon,10.68,1.24
545,5,2021-06-28,Morning,9.94,0.48
546,3,2021-06-29,Night,10.75,0.38
547,5,2021-06-30,Night,8.35,0.89
548,3,2021-07-01,Morning,7.52,0.83
549,3,2021-07-02,Morning,8.25,1.69
550,3,2021-07-03,Night,4.01,1.77
551,5,2021-07-04,Morning,7.6,1.08
552,2,2021-07-05,Morning,4.4,1.17
553,2,2021-07-06,Afternoon,5.31,0.87
554,5,2021-07-07,Night,10.45,0.03
555,2,2021-07-08,Afternoon,6.36,0.37
556,1,2021-07-09,Morning,4.59,0.16
557,5,2021-07-10,Night,4.91,0.13
558,1,2021-07-11,Night,8.92,1.32
559,5,2021-07-12,Morning,8.48,1.46
560,5,2021-07-13,Night,4.96,0.08
561,1,2021-07-14,Afternoon,9.74,0.36
562,1,2021-07-15,Night,9.94,1.82
563,3,2021-07-16,Morning,8.88,1.55
564,4,2021-07-17,Morning,9.26,1.21
565,3,2021-07-18,Morning,10.71,0.41
566,4,2021-07-19,Morning,6.69,0.62
567,1,2021-07-20,Afternoon,4.31,1.38
568,1,2021-07-21,Night,10.24,0.08
569,5,2021-07-22,Night,6.36,1.18
570,4,2021-07-23,Afternoon,8.88,0.6
571,3,2021-07-24,Morning,7.35,1.47
572,2,2021-07-25,Afternoon,11.37,0.75
573,2,2021-07-26,Night,6.73,1.88
574,3,2021-07-27,Morning,9.19,1.69
575,5,2021-07-28,Afternoon,6.94,0.73
576,4,2021-07-29,Night,11.61,0.02
577,4,2021-07-30,Afternoon,4.79,0.02
578,5,2021-07-31,Night,8.7,0.27
579,2,2021-08-01,Night,10.69,0.57
580,4,2021-08-02,Night,8.61,0.6
581,5,2021-08-03,Afternoon,8.27,1.34
582,3,2021-08-04,Afternoon,8.54,1.52
583,2,2021-08-05,Morning,6.65,0.08
584,3,2021-08-06,Morning,6.86,1.74
585,2,2021-08-07,Afternoon,7.68,0.66
586,3,2021-08-08,Night,7.42,0.64
587,3,2021-08-09,Night,8.56,1.94
588,4,2021-08-10,Afternoon,10.53,1.91
589,1,2021-08-11,Night,7.64,1.9
590,4,2021-08-12,Afternoon,9.81,0.37
591,4,2021-08-13,Afternoon,6.32,1.84
592,3,2021-08-14,Afternoon,6.19,1.36
593,1,2021-08-15,Afternoon,10.66,1.68
594,3,2021-08-16,Night,7.35,1.28
595,2,2021-08-17,Night,5.24,1.61
596,4,2021-08-18,Afternoon,10.34,1.48
597,2,2021-08-19,Morning,5.03,0.15
598,2,2021-08-20,Morning,8.97,0.65
599,3,2021-08-21,Afternoon,5.31,1.48
600,4,2021-08-22,Morning,7.56,1.2
601,4,2021-08-23,Night,4.79,0.51
602,3,2021-08-24,Afternoon,4.98,1.82
603,3,2021-08-25,Afternoon,6.04,1.75
604,1,2021-08-26,Night,7.04,0.39
605,2,2021-08-27,Night,7.55,0.16
606,2,2021-08-28,Night,5.72,0.97
607,2,2021-08-29,Night,9.88,1.81
608,4,2021-08-30,Afternoon,10.21,0.5
609,2,2021-08-31,Afternoon,4.51,0.84
610,1,2021-09-01,Night,8.08,1.3
611,4,2021-09-02,Morning,5.84,0.56
612,5,2021-09-03,Morning,6.03,0.26
613,1,2021-09-04,Night,4.77,0.58
614,3,2021-09-05,Morning,11.12,0.65
615,1,2021-09-06,Night,6.78,0.93
616,3,2021-09-07,Afternoon,10.14,1.03
617,5,2021-09-08,Night,7.23,1.05
618,2,2021-09-09,Night,9.39,1.32
619,1,2021-09-10,Afternoon,9.47,0.56
620,1,2021-09-11,Night,4.65,0.41
621,2,2021-09-12,Morning,6.63,1.15
622,3,2021-09-13,Afternoon,11.06,1.27
623,2,2021-09-14,Night,4.76,0.25
624,4,2021-09-15,Night,9.18,1.6
625,1,2021-09-16,Afternoon,5.34,0.4
626,3,2021-09-17,Night,7.0,1.34
627,1,2021-09-18,Afternoon,4.49,1.98
628,3,2021-09-19,Night,7.5,1.63
629,4,2021-09-20,Morning,7.42,1.03
630,1,2021-09-21,Night,11.76,0.78
631,4,2021-09-22,Morning,9.48,1.48
632,5,2021-09-23,Night,11.23,0.79
633,1,2021-09-24,Night,4.71,0.16
634,5,2021-09-25,Night,9.4,1.38
635,1,2021-09-26,Afternoon,9.91,0.81
636,2,2021-09-27,Afternoon,6.34,1.22
637,4,2021-09-28,Morning,11.42,0.47
638,2,2021-09-29,Morning,9.39,1.5
639,4,2021-09-30,Night,5.13,1.55
640,4,2021-10-01,Night,10.81,0.78
641,4,2021-10-02,Morning,4.57,1.21
642,2,2021-10-03,Night,10.99,1.69
643,1,2021-10-04,Afternoon,6.5,1.97
644,1,2021-10-05,Afternoon,5.76,1.58
645,1,2021-10-06,Night,9.09,1.55
646,5,2021-10-07,Night,11.79,0.59
647,4,2021-10-08,Morning,7.09,1.85
648,3,2021-10-09,Night,11.7,1.02
649,3,2021-10-10,Night,10.34,1.76
650,1,2021-10-11,Night,8.71,1.75
651,1,2021-10-12,Morning,7.65,0.34
652,5,2021-10-13,Afternoon,4.08,0.93
653,4,2021-10-14,Night,11.82,1.94
654,3,2021-10-15,Morning,11.97,1.75
655,1,2021-10-16,Morning,7.74,1.81
656,5,2021-10-17,Morning,4.32,0.19
657,1,2021-10-18,Morning,8.8,0.72
658,2,2021-10-19,Night,11.04,0.12
659,3,2021-10-20,Afternoon,6.75,1.84
660,1,2021-10-21,Night,7.5,0.03
661,4,2021-10-22,Morning,11.25,1.29
662,3,2021-10-23,Afternoon,8.21,1.13
663,4,2021-10-24,Morning,4.09,1.96
664,1,2021-10-25,Afternoon,6.1,1.35
665,2,2021-10-26,Night,6.75,0.85
666,2,2021-10-27,Morning,7.36,1.64
667,3,2021-10-28,Afternoon,4.29,1.58
668,1,2021-10-29,Night,8.34,1.4
669,4,2021-10-30,Night,7.32,0.1
670,2,2021-10-31,Afternoon,11.92,1.67
671,1,2021-11-01,Afternoon,10.93,1.69
672,2,2021-11-02,Morning,6.11,1.82
673,1,2021-11-03,Night,4.0,0.77
674,1,2021-11-04,Night,10.26,1.82
675,5,2021-11-05,Morning,8.3,0.56
676,1,2021-11-06,Morning,8.03,1.32
677,4,2021-11-07,Night,9.91,1.39
678,2,2021-11-08,Afternoon,7.09,1.02
679,2,2021-11-09,Night,7.61,1.36
680,1,2021-11-10,Morning,8.99,0.78
681,3,2021-11-11,Night,9.05,0.4
682,5,2021-11-12,Morning,11.01,0.71
683,3,2021-11-13,Afternoon,5.88,0.63
684,5,2021-11-14,Afternoon,11.74,0.82
685,3,2021-11-15,Morning,7.23,0.67
686,1,2021-11-16,Afternoon,8.12,1.27
687,1,2021-11-17,Afternoon,7.69,1.27
688,4,2021-11-18,Morning,4.33,0.2
689,1,2021-11-19,Morning,7.6,1.41
690,4,2021-11-20,Night,5.71,1.19
691,3,2021-11-21,Afternoon,10.16,0.92
692,5,2021-11-22,Morning,10.5,0.98
693,5,2021-11-23,Night,10.75,1.49
694,3,2021-11-24,Afternoon,5.51,0.55
695,4,2021-11-25,Night,7.16,0.92
696,2,2021-11-26,Night,4.27,0.28
697,3,2021-11-27,Afternoon,7.7,0.41
698,1,2021-11-28,Morning,9.2,0.47
699,5,2021-11-29,Night,5.04,0.13
700,2,2021-11-30,Night,9.25,1.26
701,1,2021-12-01,Night,11.32,0.21
702,1,2021-12-02,Night,11.55,1.1
703,4,2021-12-03,Night,4.35,1.61
704,1,2021-12-04,Afternoon,7.94,0.39
705,5,2021-12-05,Night,4.11,0.11
706,1,2021-12-06,Morning,10.63,1.91
707,1,2021-12-07,Night,4.63,0.3
708,1,2021-12-08,Night,4.65,1.28
709,3,2021-12-09,Morning,6.44,1.76
710,2,2021-12-10,Night,5.61,1.49
711,5,2021-12-11,Morning,9.04,1.18
712,1,2021-12-12,Morning,7.37,0.54
713,5,2021-12-13,Morning,11.49,0.48
714,2,2021-12-14,Afternoon,11.96,0.85
715,5,2021-12-15,Morning,6.91,0.46
716,4,2021-12-16,Night,7.51,0.15
717,5,2021-12-17,Morning,4.06,1.19
718,4,2021-12-18,Afternoon,10.67,0.53
719,2,2021-12-19,Night,8.48,0.63
720,5,2021-12-20,Morning,7.17,0.2
721,4,2021-12-21,Afternoon,11.84,1.11
722,2,2021-12-22,Afternoon,11.54,0.35
723,4,2021-12-23,Night,9.6,0.82
724,1,2021-12-24,Night,10.03,0.65
725,5,2021-12-25,Morning,6.73,1.29
726,4,2021-12-26,Night,4.0,1.88
727,5,2021-12-27,Night,6.1,0.71
728,1,2021-12-28,Morning,7.54,0.54
729,5,2021-12-29,Morning,5.52,0.2
730,5,2021-12-30,Afternoon,9.37,1.41
731,4,2021-12-31,Night,5.5,0.91
732,1,2022-01-01,Night,6.63,1.19
733,3,2022-01-02,Afternoon,9.93,0.91
734,5,2022-01-03,Night,4.82,0.62
735,4,2022-01-04,Morning,9.01,1.0
736,3,2022-01-05,Afternoon,7.9,0.36
737,1,2022-01-06,Morning,7.31,1.84
738,1,2022-01-07,Afternoon,4.56,0.51
739,1,2022-01-08,Morning,8.99,0.48
740,3,2022-01-09,Afternoon,6.95,0.65
741,2,2022-01-10,Night,6.88,0.62
742,4,2022-01-11,Morning,9.09,0.97
743,2,2022-01-12,Night,6.85,0.93
744,4,2022-01-13,Night,6.36,1.65
745,5,2022-01-14,Afternoon,9.74,0.26
746,1,2022-01-15,Afternoon,9.77,0.24
747,4,2022-01-16,Night,7.91,0.11
748,4,2022-01-17,Afternoon,9.82,0.23
749,2,2022-01-18,Night,4.29,0.13
750,1,2022-01-19,Night,6.3,1.42
751,5,2022-01-20,Morning,7.01,0.03
752,3,2022-01-21,Afternoon,4.28,1.89
753,1,2022-01-22,Night,6.43,1.05
754,1,2022-01-23,Night,4.13,1.19
755,3,2022-01-24,Night,11.06,0.45
756,2,2022-01-25,Afternoon,8.18,0.27
757,3,2022-01-26,Afternoon,7.0,1.32
758,1,2022-01-27,Morning,8.02,0.55
759,3,2022-01-28,Afternoon,7.26,0.03
760,1,2022-01-29,Afternoon,9.7,1.49
761,1,2022-01-30,Night,8.8,0.31
762,1,2022-01-31,Night,10.16,1.31
763,3,2022-02-01,Night,7.88,1.08
764,5,2022-02-02,Morning,6.17,0.5
765,2,2022-02-03,Night,7.49,1.39
766,3,2022-02-04,Afternoon,8.29,0.02
767,5,2022-02-05,Night,4.8,1.33
768,3,2022-02-06,Morning,10.9,0.18
769,5,2022-02-07,Afternoon,4.85,1.98
770,5,2022-02-08,Night,4.24,1.2
771,1,2022-02-09,Afternoon,11.06,1.7
772,5,2022-02-10,Afternoon,9.7,1.34
773,3,2022-02-11,Morning,11.25,1.31
774,1,2022-02-12,Morning,10.53,1.95
775,4,2022-02-13,Morning,8.16,0.83
776,2,2022-02-14,Night,4.57,0.15
777,4,2022-02-15,Afternoon,7.73,1.58
778,5,2022-02-16,Night,9.6,0.03
779,4,2022-02-17,Night,10.45,0.58
780,4,2022-02-18,Afternoon,10.58,1.96
781,4,2022-02-19,Morning,4.88,1.14
782,2,2022-02-20,Night,8.85,1.34
783,4,2022-02-21,Night,10.64,1.27
784,5,2022-02-22,Night,11.44,0.34
785,2,2022-02-23,Afternoon,4.37,0.8
786,3,2022-02-24,Night,5.0,0.18
787,3,2022-02-25,Afternoon,9.66,0.53
788,1,2022-02-26,Morning,4.2,0.33
789,3,2022-02-27,Morning,11.7,1.75
790,3,2022-02-28,Night,4.86,1.54
791,2,2022-03-01,Morning,9.08,1.5
792,2,2022-03-02,Afternoon,11.55,1.23
793,2,2022-03-03,Morning,9.08,0.54
794,1,2022-03-04,Night,6.94,1.58
795,4,2022-03-05,Night,5.17,1.57
796,5,2022-03-06,Morning,8.23,0.74
797,2,2022-03-07,Morning,11.53,0.5
798,5,2022-03-08,Night,6.27,0.74
799,5,2022-03-09,Morning,4.03,0.69
800,1,2022-03-10,Morning,11.58,0.0
801,2,2022-03-11,Afternoon,8.85,1.5
802,5,2022-03-12,Morning,4.41,0.09
803,4,2022-03-13,Morning,6.31,0.85
804,2,2022-03-14,Afternoon,10.08,1.78
805,4,2022-03-15,Afternoon,8.23,1.11
806,3,2022-03-16,Night,10.99,0.5
807,4,2022-03-17,Morning,4.19,1.54
808,3,2022-03-18,Night,11.55,1.17
809,3,2022-03-19,Afternoon,10.88,0.15
810,1,2022-03-20,Afternoon,11.43,1.96
811,3,2022-03-21,Afternoon,5.48,1.22
812,3,2022-03-22,Morning,5.75,1.41
813,1,2022-03-23,Afternoon,4.48,0.27
814,1,2022-03-24,Morning,7.51,1.26
815,1,2022-03-25,Afternoon,5.95,0.42
816,3,2022-03-26,Night,4.13,0.13
817,4,2022-03-27,Morning,9.01,0.89
818,4,2022-03-28,Morning,5.06,0.94
819,2,2022-03-29,Night,10.56,0.86
820,1,2022-03-30,Morning,8.28,0.08
821,4,2022-03-31,Morning,8.39,1.85
822,5,2022-04-01,Afternoon,7.94,0.43
823,2,2022-04-02,Night,6.62,0.63
824,2,2022-04-03,Night,10.36,0.32
825,4,2022-04-04,Morning,10.82,1.15
826,4,2022-04-05,Night,4.87,1.76
827,5,2022-04-06,Afternoon,11.94,0.23
828,5,2022-04-07,Morning,8.85,0.93
829,3,2022-04-08,Night,11.47,0.76
830,1,2022-04-09,Night,4.84,1.31
831,2,2022-04-10,Afternoon,5.12,0.3
832,5,2022-04-11,Morning,4.04,0.74
833,4,2022-04-12,Afternoon,7.36,1.0
834,5,2022-04-13,Night,5.62,1.45
835,5,2022-04-14,Night,9.61,1.99
836,1,2022-04-15,Night,5.33,0.08
837,2,2022-04-16,Afternoon,11.34,1.09
838,3,2022-04-17,Night,5.89,0.63
839,5,2022-04-18,Morning,11.93,1.34
840,2,2022-04-19,Morning,10.66,0.97
841,4,2022-04-20,Morning,6.19,0.22
842,3,2022-04-21,Morning,7.39,0.41
843,2,2022-04-22,Afternoon,6.14,1.48
844,1,2022-04-23,Morning,4.35,1.42
845,1,2022-04-24,Night,11.95,1.79
846,1,2022-04-25,Afternoon,6.17,1.45
847,1,2022-04-26,Night,9.5,1.28
848,3,2022-04-27,Night,8.04,1.4
849,3,2022-04-28,Morning,5.23,0.4
850,1,2022-04-29,Morning,10.35,1.24
851,5,2022-04-30,Afternoon,5.94,1.34
852,2,2022-05-01,Night,5.82,0.58
853,2,2022-05-02,Night,9.7,0.96
854,5,2022-05-03,Night,9.42,0.42
855,1,2022-05-04,Night,10.47,0.89
856,4,2022-05-05,Afternoon,4.17,0.03
857,2,2022-05-06,Night,6.06,1.7
858,5,2022-05-07,Afternoon,10.27,0.44
859,5,2022-05-08,Morning,8.57,1.98
860,3,2022-05-09,Morning,5.59,1.49
861,3,2022-05-10,Morning,6.2,0.47
862,3,2022-05-11,Afternoon,10.22,1.12
863,1,2022-05-12,Afternoon,8.11,1.95
864,4,2022-05-13,Night,5.14,0.49
865,4,2022-05-14,Morning,10.61,0.42
866,3,2022-05-15,Afternoon,11.65,0.36
867,3,2022-05-16,Morning,5.41,1.01
868,5,2022-05-17,Morning,9.67,0.23
869,3,2022-05-18,Afternoon,10.07,0.76
870,2,2022-05-19,Morning,11.38,0.32
871,2,2022-05-20,Night,11.22,1.63
872,3,2022-05-21,Morning,6.8,1.64
873,2,2022-05-22,Afternoon,6.08,1.77
874,5,2022-05-23,Morning,4.52,1.43
875,2,2022-05-24,Night,9.76,1.64
876,1,2022-05-25,Afternoon,6.37,1.86
877,1,2022-05-26,Afternoon,8.87,1.91
878,4,2022-05-27,Morning,4.53,0.76
879,5,2022-05-28,Night,7.99,0.59
880,5,2022-05-29,Afternoon,11.27,0.98
881,5,2022-05-30,Afternoon,7.9,0.88
882,3,2022-05-31,Night,7.42,1.5
883,5,2022-06-01,Morning,6.37,1.15
884,2,2022-06-02,Night,7.88,1.68
885,5,2022-06-03,Night,5.96,0.89
886,3,2022-06-04,Night,9.02,0.46
887,2,2022-06-05,Afternoon,4.24,1.51
888,1,2022-06-06,Night,4.68,1.59
889,4,2022-06-07,Night,7.87,0.16
890,5,2022-06-08,Afternoon,4.14,1.59
891,5,2022-06-09,Night,9.82,0.83
892,5,2022-06-10,Afternoon,10.49,1.22
893,5,2022-06-11,Afternoon,10.46,0.38
894,3,2022-06-12,Afternoon,11.65,1.45
895,2,2022-06-13,Night,11.0,0.6
896,4,2022-06-14,Night,8.22,0.67
897,4,2022-06-15,Morning,10.69,0.2
898,2,2022-06-16,Afternoon,4.98,0.16
899,5,2022-06-17,Afternoon,4.65,0.76
900,2,2022-06-18,Afternoon,7.87,1.51
901,5,2022-06-19,Afternoon,6.75,1.13
902,4,2022-06-20,Night,4.43,1.78
903,4,2022-06-21,Morning,4.05,1.08
904,5,2022-06-22,Afternoon,11.55,1.01
905,3,2022-06-23,Night,4.83,0.21
906,4,2022-06-24,Morning,4.02,0.34
907,1,2022-06-25,Night,11.3,1.26
908,2,2022-06-26,Morning,8.99,1.67
909,3,2022-06-27,Night,6.7,1.28
910,3,2022-06-28,Morning,8.82,1.93
911,2,2022-06-29,Afternoon,6.9,1.58
912,3,2022-06-30,Afternoon,6.34,1.49
913,3,2022-07-01,Night,10.28,1.19
914,5,2022-07-02,Afternoon,11.12,0.88
915,3,2022-07-03,Night,11.97,0.77
916,5,2022-07-04,Afternoon,10.46,0.47
917,1,2022-07-05,Afternoon,7.31,0.88
918,4,2022-07-06,Night,6.03,1.16
919,3,2022-07-07,Night,10.06,1.13
920,4,2022-07-08,Morning,4.6,0.52
921,1,2022-07-09,Morning,10.68,1.36
922,1,2022-07-10,Night,11.69,1.38
923,4,2022-07-11,Night,4.91,0.9
924,3,2022-07-12,Afternoon,11.78,0.26
925,2,2022-07-13,Afternoon,11.56,1.62
926,5,2022-07-14,Night,11.93,1.29
927,5,2022-07-15,Morning,10.66,1.84
928,1,2022-07-16,Afternoon,6.9,0.71
929,4,2022-07-17,Afternoon,4.68,0.93
930,4,2022-07-18,Afternoon,4.26,0.6
931,2,2022-07-19,Afternoon,5.42,0.85
932,5,2022-07-20,Night,7.04,1.38
933,5,2022-07-21,Night,9.58,1.01
934,4,2022-07-22,Night,10.99,0.34
935,5,2022-07-23,Afternoon,9.71,1.72
936,4,2022-07-24,Night,6.3,0.93
937,1,2022-07-25,Morning,8.26,0.85
938,4,2022-07-26,Morning,4.62,0.41
939,5,2022-07-27,Night,11.89,0.75
940,1,2022-07-28,Afternoon,11.17,0.46
941,5,2022-07-29,Night,11.43,1.31
942,4,2022-07-30,Morning,4.35,1.11
943,3,2022-07-31,Morning,9.1,0.85
944,4,2022-08-01,Night,9.85,1.91
945,4,2022-08-02,Morning,4.1,0.65
946,3,2022-08-03,Night,10.38,1.0
947,1,2022-08-04,Morning,6.52,0.16
948,1,2022-08-05,Morning,9.88,0.96
949,1,2022-08-06,Afternoon,6.18,1.75
950,3,2022-08-07,Night,8.72,1.9
951,4,2022-08-08,Morning,8.69,1.53
952,3,2022-08-09,Afternoon,11.62,0.36
953,2,2022-08-10,Night,9.51,1.39
954,3,2022-08-11,Morning,7.44,0.09
955,1,2022-08-12,Night,6.71,0.93
956,3,2022-08-13,Night,7.52,0.94
957,4,2022-08-14,Afternoon,4.5,1.59
958,2,2022-08-15,Afternoon,11.95,0.99
959,4,2022-08-16,Afternoon,11.32,0.3
960,3,2022-08-17,Morning,6.9,1.62
961,5,2022-08-18,Morning,9.36,1.97
962,2,2022-08-19,Morning,6.8,0.28
963,3,2022-08-20,Night,10.02,0.18
964,4,2022-08-21,Morning,7.17,1.84
965,5,2022-08-22,Morning,6.48,1.06
966,1,2022-08-23,Morning,7.91,1.28
967,4,2022-08-24,Morning,5.41,0.5
968,5,2022-08-25,Afternoon,7.52,0.28
969,3,2022-08-26,Night,6.61,1.42
970,5,2022-08-27,Afternoon,10.9,1.77
971,2,2022-08-28,Night,6.93,1.05
972,4,2022-08-29,Night,6.27,1.03
973,4,2022-08-30,Afternoon,8.34,0.33
974,1,2022-08-31,Night,10.46,1.4
975,1,2022-09-01,Afternoon,8.38,0.69
976,4,2022-09-02,Afternoon,7.43,0.27
977,5,2022-09-03,Afternoon,11.88,1.07
978,3,2022-09-04,Night,5.1,0.7
979,2,2022-09-05,Morning,5.25,0.81
980,3,2022-09-06,Night,4.46,1.18
981,3,2022-09-07,Afternoon,11.55,0.06
982,5,2022-09-08,Afternoon,8.94,0.76
983,5,2022-09-09,Morning,7.47,0.89
984,5,2022-09-10,Night,11.41,1.46
985,4,2022-09-11,Night,8.15,0.72
986,1,2022-09-12,Night,5.6,1.57
987,5,2022-09-13,Night,9.57,0.63
988,4,2022-09-14,Night,6.09,1.13
989,5,2022-09-15,Night,11.79,0.89
990,5,2022-09-16,Morning,7.86,1.73
991,2,2022-09-17,Afternoon,5.48,1.88
992,1,2022-09-18,Morning,4.63,0.59
993,5,2022-09-19,Night,9.09,0.12
994,1,2022-09-20,Afternoon,5.39,0.97
995,2,2022-09-21,Afternoon,4.87,0.8
996,3,2022-09-22,Morning,4.31,0.06
997,2,2022-09-23,Afternoon,7.62,0.42
998,2,2022-09-24,Morning,9.18,0.58
999,4,2022-09-25,Afternoon,4.39,0.45
1000,2,2022-09-26,Night,9.45,1.12
1001,1,2022-09-27,Night,9.35,0.73
1002,2,2022-09-28,Afternoon,6.2,0.69
1003,4,2022-09-29,Night,7.13,0.39
1004,5,2022-09-30,Morning,7.28,0.86
1005,3,2022-10-01,Morning,10.52,0.14
1006,4,2022-10-02,Afternoon,7.49,1.11
1007,5,2022-10-03,Afternoon,4.37,1.21
1008,1,2022-10-04,Afternoon,8.35,0.92
1009,2,2022-10-05,Afternoon,4.55,0.4
1010,2,2022-10-06,Afternoon,11.47,1.38
1011,3,2022-10-07,Morning,6.94,1.3
1012,1,2022-10-08,Afternoon,8.3,1.22
1013,3,2022-10-09,Afternoon,8.37,1.67
1014,5,2022-10-10,Afternoon,4.36,1.95
1015,3,2022-10-11,Afternoon,9.1,0.21
1016,5,2022-10-12,Morning,7.09,1.8
1017,2,2022-10-13,Morning,9.63,0.41
1018,3,2022-10-14,Morning,4.97,0.93
1019,1,2022-10-15,Afternoon,6.14,0.55
1020,1,2022-10-16,Afternoon,11.55,1.47
1021,5,2022-10-17,Night,10.09,1.07
1022,1,2022-10-18,Night,4.02,1.01
1023,4,2022-10-19,Morning,9.83,1.91
1024,5,2022-10-20,Morning,6.73,0.23
1025,2,2022-10-21,Morning,7.66,0.41
1026,1,2022-10-22,Afternoon,10.04,0.16
1027,2,2022-10-23,Morning,5.81,1.6
1028,5,2022-10-24,Night,7.22,1.27
1029,4,2022-10-25,Afternoon,10.94,1.34
1030,4,2022-10-26,Night,9.47,0.18
1031,4,2022-10-27,Night,11.31,1.98
1032,1,2022-10-28,Afternoon,5.4,0.15
1033,5,2022-10-29,Afternoon,11.2,0.66
1034,3,2022-10-30,Morning,9.31,0.7
1035,5,2022-10-31,Night,8.31,0.61
1036,4,2022-11-01,Afternoon,11.38,1.99
1037,5,2022-11-02,Night,6.01,0.59
1038,1,2022-11-03,Morning,4.39,0.3
1039,4,2022-11-04,Morning,5.66,0.13
1040,5,2022-11-05,Afternoon,6.1,0.84
1041,5,2022-11-06,Morning,6.16,1.17
1042,2,2022-11-07,Morning,9.55,1.67
1043,2,2022-11-08,Night,7.11,1.16
1044,5,2022-11-09,Morning,10.42,0.48
1045,4,2022-11-10,Night,11.91,1.32
1046,1,2022-11-11,Afternoon,10.3,1.04
1047,4,2022-11-12,Morning,8.73,1.6
1048,3,2022-11-13,Morning,7.54,1.99
1049,4,2022-11-14,Morning,9.34,1.48
1050,5,2022-11-15,Afternoon,5.23,1.88
1051,4,2022-11-16,Night,8.04,0.67
1052,5,2022-11-17,Night,7.29,0.53
1053,3,2022-11-18,Night,9.33,1.27
1054,1,2022-11-19,Morning,9.11,0.54
1055,2,2022-11-20,Night,5.12,0.18
1056,4,2022-11-21,Afternoon,10.51,0.5
1057,5,2022-11-22,Morning,9.73,1.63
1058,3,2022-11-23,Afternoon,11.88,0.55
1059,2,2022-11-24,Afternoon,8.49,1.62
1060,4,2022-11-25,Afternoon,8.15,1.77
1061,2,2022-11-26,Afternoon,10.09,0.98
1062,5,2022-11-27,Afternoon,8.3,0.44
1063,2,2022-11-28,Afternoon,9.42,1.28
1064,3,2022-11-29,Afternoon,8.75,0.5
1065,4,2022-11-30,Morning,8.88,0.57
1066,3,2022-12-01,Afternoon,7.57,0.54
1067,4,2022-12-02,Afternoon,9.58,0.6
1068,1,2022-12-03,Night,10.76,1.09
1069,1,2022-12-04,Afternoon,5.75,0.27
1070,1,2022-12-05,Night,4.14,0.5
1071,4,2022-12-06,Morning,4.02,1.86
1072,4,2022-12-07,Morning,6.33,0.48
1073,4,2022-12-08,Night,9.84,1.96
1074,1,2022-12-09,Afternoon,9.23,1.93
1075,4,2022-12-10,Morning,5.1,1.04
1076,2,2022-12-11,Afternoon,6.5,1.35
1077,3,2022-12-12,Afternoon,6.31,1.78
1078,5,2022-12-13,Afternoon,10.18,0.16
1079,5,2022-12-14,Night,7.61,0.5
1080,3,2022-12-15,Afternoon,4.48,1.22
1081,1,2022-12-16,Afternoon,10.45,1.68
1082,2,2022-12-17,Night,6.13,1.73
1083,1,2022-12-18,Morning,9.46,0.6
1084,3,2022-12-19,Afternoon,4.95,0.37
1085,2,2022-12-20,Night,9.21,0.36
1086,4,2022-12-21,Afternoon,6.41,1.08
1087,2,2022-12-22,Night,9.11,1.37
1088,4,2022-12-23,Morning,8.2,0.1
1089,2,2022-12-24,Afternoon,9.19,0.65
1090,1,2022-12-25,Morning,5.1,0.83
1091,2,2022-12-26,Morning,11.69,0.19
1092,4,2022-12-27,Afternoon,11.18,1.77
1093,4,2022-12-28,Afternoon,5.99,0.64
1094,2,2022-12-29,Night,10.39,0.92
1095,3,2022-12-30,Afternoon,7.6,1.39
